Subject,ELEVATION,ASPECT,MAT,MAP,BULK_DENSITY,SOIL_DENSITY,Sand,Silt,Clay,ROCK_MASS_PER_UNIT,WHC,PH,SWC_FIELD,SWC_LAB,AGB,NDVI,PLANT_H,PLANT_SIMP,PLANT_INVSIMP,PLANT_S,PLANT_J,LITTER_C,LITTER_N,LITTER_P,LCNR,LCPR,LNPR,FINE_ROOT_BIOMASS,ROOT_C,ROOT_N,ROOT_P,RCNR,RCPR,RNPR,SOIL_C,SOIL_N,SOIL_P,SCNR,SCPR,SNPR,NO3,NH4,AVAILABLE_N,AVAILABLE_P,SOIL_K,AVAILABLE_K,ROCK_C,ROCK_N,ROCK_P,ROCKCNR,ROCKCPR,ROCKNPR,MICROBE_C,MICROBE_N,MICROBE_P,MCNR,MCPR,MNPR,Actinomyces,AMF,Bacteria,Fungi,Gram_negative_bacteria,Gram_positive_bacteria,Total,FBR,GPNR,ABR,AFR,AccMR,AccMR_perSC,R,AccMR_0,AccMR_0_perSC,Q10,AccMR_MAT,AccMR_MAT_perSC,MR_10,MR_15,MR_20,MR_25,AccMR1,AccMR1_0,AccMR1_0_perSC,Q10_1,AccMR1_MAT,AccMR1_MAT_perSC,AccMR2,AccMR2_0,AccMR2_0_perSC,Q10_2,AccMR2_MAT,AccMR2_MAT_perSC,AccMR3,AccMR3_0,AccMR3_0_perSC,Q10_3,AccMR3_MAT,AccMR3_MAT_perSC,AccMR4,AccMR4_0,AccMR4_0_perSC,Q10_4,AccMR4_MAT,AccMR4_MAT_perSC
1,410,29,18.9,1747,0.69,0.582225417,64,28,8,0.097524601,0.2,4.88,0.15,0.24,24.38215368,6220.48913,1.846673301,0.674714842,3.074225722,35,0.519407177,48.16400541,9.12,0.305,5.281140944,157.9147718,29.90163934,0.006249982,55.11718636,7.504267502,0.284671564,7.344779,193.6167617,26.36114193,55.029,1.017,0.094,54.10914454,585.4148936,10.81914894,3.61,7.71,11.32,4.364,36.702,76.78,4.660419877,0.017,0.068,274.1423457,68.53558643,0.25,0.430567921,0.131943209,0.875471539,3.263282167,0.491812585,0.15071102,0.808,0.803,0.178,0.595,4.437,5.335,12.156,0.06,1.202,4.539,1.358,376.635,6.844,0.832,2.893,0.053,2.653,371.708,6.755,5.888,9.248,14.723,23.767,148.0435,1.1669,0.0212,2.5802,144.8232,2.6318,100.0152,0.7928,0.0144,2.579,99.0417,1.7998,74.2284,0.5958,0.0108,2.6279,74.0983,1.3465,54.3483,0.3373,6.13E-03,2.8231,53.7451,0.9767
2,410,29,18.9,1747,1.06,0.848984868,60,30,10,0.19189593,0.228,4.56,0.18,0.16,24.38215368,6220.48913,1.846673301,0.674714842,3.074225722,35,0.519407177,41.98495018,6.429,0.262,6.53055688,160.2479015,24.53816794,0.017119203,50.32359509,8.466898268,0.430987013,5.94356912,116.7635998,19.64536752,43.331,0.912,0.086,47.5120614,503.8488372,10.60465116,2.016,7.466,9.482,6.608,38.057,82.64,8.791841311,0.058,0.069,151.5834709,127.41799,0.84057971,0.485938091,0.187605949,1.975941259,2.590206193,0.245927397,0.094945104,0.772,0.673,0.187,0.695,3.442,4.947,10.716,0.081,1.437,4.128,1.111,317.776,7.334,0.884,2.17,0.05,2.718,317.912,7.337,4.784,7.752,12.655,20.819,121.9445,0.852,0.0197,2.6313,122.5867,2.8291,90.2042,0.5682,0.0131,2.9251,90.3437,2.085,61.4037,0.4894,0.0113,2.4706,62.323,1.4383,44.2234,0.2608,6.02E-03,2.846,42.6582,0.9845
3,410,29,18.9,1747,0.92,0.596533376,67,26,7,0.312771289,0.196,4.74,0.13,0.14,24.38215368,6220.48913,1.846673301,0.674714842,3.074225722,35,0.519407177,45.41959206,8.394,0.289,5.410959264,157.1612182,29.0449827,0.012545335,50.00949031,9.408240898,0.236102879,5.315498492,211.8122851,39.84805665,42.294,0.843,0.093,50.17081851,454.7741935,9.064516129,0.758,7.55,8.308,5.647,41.277,78.8,3.12401772,0.043,0.059,72.65157488,52.94945288,0.728813559,0.308768683,0.141051837,1,2.189044039,0.308768683,0.141051837,0.924,0.904,0.275,1.086,5.088,6.734,15.011,0.09,1.324,3.36,0.851,478.133,11.305,0.814,4.038,0.095,2.507,476.233,11.26,7.898,12.105,18.742,29.325,179.0781,1.4147,0.0334,2.5388,177.9287,4.2069,120.8632,1.4078,0.0333,2.0353,122.036,2.8854,102.9065,0.6453,0.0153,2.8838,102.3117,2.4191,75.2856,0.5704,0.0135,2.5686,73.9563,1.7486
4,410,29,18.9,1747,1.17,0.955130372,64,26,10,0.205726073,0.182,4.67,0.13,0.12,24.38215368,6220.48913,1.846673301,0.674714842,3.074225722,35,0.519407177,43.64359923,9.843,0.319,4.433973304,136.8137907,30.85579937,0.010893554,52.91789123,9.029558062,0.293443047,5.860518407,180.3344525,30.77107519,42.188,0.738,0.08,57.16531165,527.35,9.225,3.245,7.945,11.19,4.364,38.912,65.74,4.487492971,0.069,0.056,65.03613001,80.13380305,1.232142857,0.3,0.168848216,1.487418737,1.776743676,0.201691691,0.113517607,0.675,0.535,0.19,1.141,3.701,4.606,10.849,0.134,1.245,3.553,0.592,427.883,10.142,0.813,4.055,0.096,2.355,427.129,10.124,7.419,11.066,16.724,25.6,160.3073,1.1187,0.0265,2.6272,157.8129,3.7407,112.452,1.5187,0.036,1.8864,113.6112,2.693,87.2989,0.8898,0.0211,2.4239,87.274,2.0687,67.8245,0.5276,0.0125,2.4828,68.4312,1.6221
5,410,29,18.9,1747,1.24,0.92657847,66,26,8,0.297372955,0.207,4.68,0.16,0.16,24.38215368,6220.48913,1.846673301,0.674714842,3.074225722,35,0.519407177,44.51403265,8.201,0.284,5.427878631,156.7395516,28.87676056,0.016098575,54.72892441,8.884979985,0.399066594,6.15971274,137.1423347,22.26440428,41.618,0.906,0.098,45.93598234,424.6734694,9.244897959,3.302,6.8,10.102,4.364,44.095,72.02,4.03334565,0.655,0.065,6.157779618,62.05147154,10.07692308,0.180553319,0.210906304,2.165489149,0.856083083,0.083377614,0.097394302,0.744,0.678,0.172,0.701,3.729,5.089,11.113,0.078,1.365,4.326,1.061,443.06,10.646,0.807,3.952,0.095,2.385,441.875,10.617,7.556,11.396,17.313,26.506,146.1948,1.5084,0.0362,2.2151,149.4519,3.591,126.3957,1.2152,0.0292,2.1955,127.5749,3.0654,107.7268,0.79,0.019,2.5049,104.7935,2.518,62.7432,0.4384,0.0105,2.6244,60.0548,1.443
6,480,5,18.9,1751,1,0.749966272,58,24,18,0.23366726,0.282,4.29,0.23,0.24,20.52171241,6929.097826,3.306152485,0.944250746,17.93745979,56,0.821332579,44.55305898,10.616,0.462,4.196784003,96.4351926,22.97835498,0.021066468,53.65599,11.34435073,0.531223037,4.729754155,101.004637,21.35515582,60.2,1.414,0.14,42.57425743,430,10.1,4.782,9.977,14.759,5.967,16.97,56.6,7.774846772,0.298,0.118,26.09008984,65.88853197,2.525423729,0.712246837,0.168885047,4.400265491,4.217346945,0.161864514,0.038380649,1.365,1.104,0.453,1.332,6.551,10.15,20.956,0.078,1.549,3.013,1.025,386.802,6.425,0.901,2.869,0.048,2.719,387.35,6.434,5.974,9.52,15.397,25.267,148.9279,1.2578,0.0209,2.5248,148.837,2.4724,107.2254,0.6683,0.0111,2.8399,107.2602,1.7817,74.256,0.552,9.17E-03,2.7285,74.581,1.2389,56.3925,0.3905,6.49E-03,2.7827,56.6717,0.9414
7,480,5,18.9,1751,1.4,0.871809479,72,20,8,0.488974553,0.284,3.96,0.24,0.13,20.52171241,6929.097826,3.306152485,0.944250746,17.93745979,56,0.821332579,43.90642271,10.994,0.598,3.99367134,73.42211156,18.38461538,0.043715968,54.03880663,9.319295488,0.393102811,5.798593542,137.4673625,23.70701818,98.91,0.975,0.107,101.4461538,924.3925234,9.112149533,14.434,4.002,18.436,8.531,32.823,90.42,13.30116142,0.027,0.068,492.6356081,195.605315,0.397058824,0.751745926,0.198228447,1.782060677,3.792321119,0.421840814,0.111235521,0.648,0.679,0.232,0.603,4.176,6.123,12.461,0.057,1.466,2.793,1.075,296.737,3,0.877,2.207,0.022,2.64,297.359,3.006,4.607,7.329,11.808,19.27,110.5498,0.7809,7.89E-03,2.7317,111.3875,1.1262,82.0147,0.4846,4.90E-03,2.9408,81.2268,0.8212,55.9862,0.5503,5.56E-03,2.2962,56.3799,0.57,48.1865,0.3912,3.96E-03,2.59,48.3653,0.489
8,480,5,18.9,1751,0.95,0.708538743,56,30,14,0.227503302,0.245,4.32,0.22,0.19,20.52171241,6929.097826,3.306152485,0.944250746,17.93745979,56,0.821332579,45.61202344,7.83,0.33,5.82529035,138.2182528,23.72727273,0.009657955,52.85596846,10.46414695,0.405132616,5.051149292,130.4658435,25.82894227,36.482,1.257,0.155,29.0230708,235.3677419,8.109677419,7.352,6.169,13.521,5.967,19.995,66.56,3.248526596,0.007,0.082,464.075228,39.616178,0.085365854,0.57,0.1,6.23919478,5.7,0.091357943,0.016027709,1.396,1.067,0.324,0.932,6.934,9.232,19.885,0.057,1.331,4.309,1.498,346.83,9.507,0.779,3.691,0.101,2.351,343.325,9.411,6.326,9.123,13.351,19.853,125.8085,1.7203,0.0472,1.8049,123.5572,3.3868,86.4403,1.0371,0.0284,2.1362,87.6499,2.4026,75.3638,0.5322,0.0146,2.7522,73.4261,2.0127,59.2173,0.401,0.011,2.7123,58.6918,1.6088
9,480,5,18.9,1751,0.98,0.834963952,54,30,16,0.132013076,0.281,4.08,0.23,0.24,20.52171241,6929.097826,3.306152485,0.944250746,17.93745979,56,0.821332579,45.34029223,9.24,0.294,4.906958034,154.2186811,31.42857143,0.011072972,51.71928097,10.57955534,0.406824111,4.888606308,127.1293406,26.00523188,51.296,1.219,0.16,42.08039377,320.6,7.61875,11.244,3.084,14.328,5.967,14.34,107.58,3.441616618,0.007,0.084,491.6595169,40.9716264,0.083333333,0.484675811,0.156624641,3.501025217,3.094505487,0.138438252,0.044736793,1.519,1.1,0.36,0.832,7.771,10.554,22.136,0.045,1.358,4.219,1.826,362.033,7.058,0.823,2.915,0.057,2.642,359.606,7.01,5.745,8.963,14.243,23.032,139.2868,0.8559,0.0167,2.8947,138.0513,2.6913,94.2756,1.1529,0.0225,2.1164,94.82,1.8485,70.3698,0.631,0.0123,2.367,70.7565,1.3794,58.1007,0.2756,5.37E-03,3.19,55.9783,1.0913
10,480,5,18.9,1751,0.83,0.716293704,50,26,24,0.101399972,0.244,4.21,0.22,0.3,20.52171241,6929.097826,3.306152485,0.944250746,17.93745979,56,0.821332579,46.840655,9.993,0.424,4.687346643,110.4732429,23.56839623,0.010906324,48.79985277,8.407819889,0.45158032,5.804103015,108.0646136,18.61865878,62.138,1.06,0.139,58.62075472,447.0359712,7.625899281,8.037,5.845,13.882,1.48,12.672,53.54,1.447985815,0.018,0.099,80.44365639,14.62611934,0.181818182,0.335021862,0.153410112,2.146254862,2.183831676,0.156096029,0.07147805,1.289,0.912,0.334,0.923,6.065,8.799,18.322,0.061,1.451,3.859,1.397,346.66,5.579,0.745,4.043,0.065,2.033,347.143,5.587,6.767,9.498,13.37,18.875,132.8254,1.527,0.0246,2.0288,133.6598,2.151,88.5127,1.0681,0.0172,1.9611,89.3348,1.4377,74.2736,0.968,0.0156,1.9567,74.5567,1.1999,51.048,0.4802,7.73E-03,2.186,49.5915,0.7981
11,530,79,18.5,1769,0.6,0.518230141,33.333,56.944,9.722,0.068121978,0.446,4.54,0.39,0.54,30.08451665,6704.815217,2.701450522,0.841887964,6.324629204,52,0.683696252,47.32422863,7.83,0.34,6.043962788,139.1889077,23.02941176,0.013797881,53.76027088,10.85945374,0.483099119,4.9505502,111.2820719,22.4787281,52.24,1.524,0.314,34.27821522,166.3694268,4.853503185,3.706,10.659,14.365,2.121,13.738,55.04,7.017063875,0.164,0.1,42.78697485,70.17063875,1.64,1.211571346,0.34485532,4.155059406,3.513274338,0.291589416,0.082996484,2.112,1.255,0.384,1.139,9.016,12.679,26.584,0.052,1.406,5.5,1.854,262.561,5.026,0.928,1.955,0.037,2.629,256.836,4.916,4.154,6.604,10.571,17.039,90.2988,0.6974,0.0133,2.6099,87.8604,1.6819,73.4824,0.5251,0.0101,2.5893,72.1771,1.3816,48.9131,0.399,7.64E-03,2.5744,48.2893,0.9244,49.8665,0.3331,6.38E-03,2.7432,48.5096,0.9286
12,530,79,18.5,1769,0.56,0.438774645,44,48,8,0.109000694,0.462,4.5,0.44,0.64,30.08451665,6704.815217,2.701450522,0.841887964,6.324629204,52,0.683696252,42.85884185,5.836,0.308,7.343872832,139.1520839,18.94805195,0.008174661,57.61787352,8.911476209,0.703595944,6.465581254,81.89057088,12.66561623,62.501,1.618,0.324,38.62855377,192.904321,4.99382716,3.47,10.288,13.758,4.044,11.866,56.38,6.144663415,0.108,0.097,56.89503162,63.34704552,1.113402062,1.078896434,0.596674988,4.279246049,1.808181096,0.252123019,0.139434606,2.331,1.752,0.481,1.215,11.623,14.638,32.041,0.045,1.259,4.846,1.919,333.707,5.339,0.92,2.088,0.033,2.872,322.245,5.156,4.839,8.036,13.438,22.634,125.4466,0.9108,0.0146,2.6072,123.12,1.9699,90.2723,0.522,8.35E-03,2.883,86.9682,1.3915,65.5514,0.3604,5.77E-03,2.9942,62.7787,1.0044,52.4368,0.2952,4.72E-03,3.0053,49.3784,0.79
13,530,79,18.5,1769,0.8,0.657995978,40,52,8,0.138942226,0.405,4.62,0.37,0.5,30.08451665,6704.815217,2.701450522,0.841887964,6.324629204,52,0.683696252,45.96375148,6.972,0.44,6.592620694,104.4630715,15.84545455,0.005261796,53.84606072,8.371580486,0.523383543,6.432006574,102.8806913,15.99511601,47.597,1.409,0.356,33.78069553,133.6994382,3.957865169,8.063,9.092,17.155,3.403,13.048,131.08,5.872001586,0.144,0.187,40.77778879,31.401078,0.770053476,0.5470109,0.181211864,2.997690003,3.018626308,0.182477474,0.060450501,1.974,1.267,0.329,0.943,8.804,11.897,25.215,0.045,1.351,6,2.093,423.878,8.906,0.814,4.058,0.085,2.433,409.715,8.608,7.413,11.012,16.559,25.207,154.6956,1.5669,0.0329,2.3384,150.3413,3.1586,113.8253,1.4398,0.0302,1.9414,113.1148,2.3765,90.9651,0.6034,0.0127,2.7218,85.8528,1.8037,64.3924,0.4483,9.42E-03,2.7309,60.4059,1.2691
14,530,79,18.5,1769,0.74,0.694065225,36.667,53.333,10,0.036921341,0.389,4.47,0.37,0.54,30.08451665,6704.815217,2.701450522,0.841887964,6.324629204,52,0.683696252,43.88024725,7.577,0.418,5.791242873,104.9766681,18.12679426,0.012413434,52.4233315,10.76626932,0.618976043,4.869219777,84.69363571,17.39367693,43.807,1.274,0.326,34.38540031,134.3773006,3.90797546,1.682,7.176,8.858,3.082,15.048,66.64,8.066453542,0.166,0.064,48.59309363,126.0383366,2.59375,0.761978517,0.207121343,4.627706951,3.678899074,0.164655741,0.044756798,1.796,1.212,0.345,0.707,9.325,11.024,24.409,0.034,1.182,5.206,2.54,297.94,6.801,0.795,1.801,0.041,2.788,276.873,6.32,4.167,6.912,11.54,19.397,115.3438,0.5703,0.013,3.1475,107.8191,2.4612,80.4248,0.5999,0.0137,2.4634,74.5173,1.701,54.6494,0.3447,7.87E-03,2.7178,50.1033,1.1437,47.5219,0.2864,6.54E-03,2.8217,44.4337,1.0143
15,530,79,18.5,1769,0.64,0.510465037,42,50,8,0.113908049,0.425,4.57,0.4,0.54,30.08451665,6704.815217,2.701450522,0.841887964,6.324629204,52,0.683696252,45.64933025,9.27,0.475,4.924415345,96.10385316,19.51578947,0.011576914,50.96701018,13.39247189,0.521584337,3.805646232,97.71576055,25.67652236,61.369,1.876,0.213,32.71268657,288.1173709,8.807511737,6.924,12.904,19.828,2.121,13.184,74.18,5.751447066,0.145,0.205,39.66515218,28.05583935,0.707317073,1.326638278,0.291088914,4.452431299,4.557501898,0.297958169,0.065377519,1.315,0.974,0.254,0.534,6.651,8.498,18.226,0.035,1.278,5.177,2.463,510.951,8.326,0.88,4.905,0.08,2.357,503.384,8.203,9.106,13.551,20.316,30.687,180.7267,2.156,0.0351,2.0343,180.7874,2.9459,136.3271,1.0288,0.0168,2.6142,131.8133,2.1479,120.7698,1.1525,0.0188,2.2548,119.6576,1.9498,73.1278,0.5673,9.24E-03,2.5236,71.1252,1.159
16,610,14,17.8,1802,0.77,0.734927051,46,44,10,0.019766511,0.419,4.37,0.35,0.4,30.83363799,6843,3.333010849,0.943569215,17.7208238,60,0.814052359,45.9330098,8.893,0.509,5.165074755,90.24166955,17.47151277,0.013006438,54.05086694,8.668173611,0.380776042,6.235554266,141.9492326,22.76449318,53.216,1.478,0.344,36.00541272,154.6976744,4.296511628,7.924,13.889,21.813,2.121,13.267,139.76,24.78616955,0.537,0.163,46.15674032,152.0623899,3.294478528,1.365373717,0.324441219,3.312200068,4.208385486,0.412225617,0.097953388,2.524,1.803,0.57,1.19,13.69,18.05,37.828,0.037,1.319,4.428,2.121,372.678,7.003,0.926,2.613,0.049,2.796,337.651,6.345,5.646,9.149,15.023,24.973,121.5938,1.0927,0.0205,2.4739,113.0819,2.125,108.5794,0.6732,0.0127,2.9571,96.2011,1.8077,72.6643,0.414,7.78E-03,2.9519,65.4077,1.2291,69.8404,0.4332,8.14E-03,2.8018,62.9607,1.1831
17,610,14,17.8,1802,0.89,0.852503013,40,50,10,0.021448256,0.413,4.38,0.4,0.37,30.83363799,6843,3.333010849,0.943569215,17.7208238,60,0.814052359,42.54003417,8.022,0.474,5.302921238,89.74690753,16.92405063,0.015598731,55.641498,9.044814879,0.379458478,6.15175642,146.6339566,23.83611226,52.6,1.667,0.216,31.55368926,243.5185185,7.717592593,8.364,7.41,15.774,1.48,14.868,95.34,16.49393532,0.136,0.096,121.2789362,171.8118263,1.416666667,1.3299,0.27742,3.466857479,4.793814433,0.383603886,0.080020596,2.394,1.916,0.488,1.014,12.526,16.42,34.758,0.034,1.311,4.906,2.361,335.331,6.375,0.927,1.779,0.034,3.082,295.025,5.609,4.466,7.727,13.466,23.642,116.2365,0.5885,0.0112,3.0966,100.1985,1.9049,88.9204,0.5103,9.70E-03,2.9887,79.6386,1.514,70.8026,0.362,6.88E-03,3.0566,62.8764,1.1954,59.3714,0.3177,6.04E-03,3.1854,52.3119,0.9945
18,610,14,17.8,1802,1.02,0.957976079,20,70,10,0.041112202,0.427,4.37,0.42,0.32,30.83363799,6843,3.333010849,0.943569215,17.7208238,60,0.814052359,45.09899874,7.665,0.458,5.883757174,98.46942956,16.73580786,0.016211719,55.09293238,9.536750539,0.406297628,5.776908199,135.5974748,23.4723264,56.139,1.548,0.203,36.26550388,276.546798,7.625615764,8.836,6.903,15.739,3.403,17.045,72.92,11.13972961,0.316,0.168,35.25230889,66.30791435,1.880952381,1.32602389,0.3280766,3.626358793,4.041811851,0.365662629,0.090469978,1.904,1.215,0.36,0.691,8.681,11.79,24.64,0.033,1.358,5.289,2.755,398.325,7.095,0.865,2.813,0.05,2.704,355.868,6.339,6.034,9.7,15.751,25.826,125.3921,0.8048,0.0143,2.7819,112.0202,1.9954,101.8492,0.7863,0.014,2.52,92.3509,1.645,90.4797,0.6311,0.0112,2.9064,78.0878,1.391,80.6041,0.5913,0.0105,2.6061,73.4089,1.3076
19,610,14,17.8,1802,0.75,0.719928567,10,75,15,0.014948187,0.41,4.51,0.4,0.41,30.83363799,6843,3.333010849,0.943569215,17.7208238,60,0.814052359,43.86099393,7.678,0.436,5.712554562,100.5986099,17.61009174,0.014273245,56.47682066,8.398261421,0.397619652,6.724822892,142.0372971,21.12134392,50.12,1.405,0.184,35.67259786,272.3913043,7.635869565,8.824,7.909,16.733,1.8,14.759,118.06,4.178697832,0.038,0.225,109.9657324,18.57199036,0.168888889,1.081082066,0.227123603,3.22240847,4.759884273,0.335488836,0.070482561,2.13,1.629,0.419,0.867,10.665,13.099,28.81,0.036,1.228,5.084,2.457,372.263,7.427,0.857,3.222,0.064,2.372,341.021,6.804,6.29,9.589,14.719,22.749,136.0231,1.0138,0.0202,2.4812,122.1366,2.4369,101.8527,0.8525,0.017,2.5773,93.8115,1.8717,74.5759,0.8827,0.0176,1.9794,70.2484,1.4016,59.8114,0.4729,9.44E-03,2.4514,54.8242,1.0939
20,610,14,17.8,1802,0.84,0.816001574,48,42,10,0.014077797,0.356,4.35,0.32,0.36,30.83363799,6843,3.333010849,0.943569215,17.7208238,60,0.814052359,48.87057191,8.27,0.436,5.909379917,112.0884677,18.96788991,0.009670629,54.7992026,11.1807656,0.477834565,4.901203063,114.6823746,23.39882131,47.659,1.461,0.226,32.62080767,210.880531,6.46460177,6.771,9.312,16.083,1.8,14.656,92.6,10.55381357,0.085,0.319,124.1625126,33.08405508,0.26645768,0.679517404,0.213440647,3.799821211,3.183636358,0.178828783,0.056171234,1.837,1.09,0.361,0.679,8.602,12.269,24.839,0.032,1.426,5.089,2.705,439.637,9.225,0.858,3.697,0.078,2.536,402.112,8.437,7.3,11.235,17.452,27.357,147.7396,1.6202,0.034,2.1542,139.4096,2.9251,109.594,0.8165,0.0171,2.6053,100.6957,2.1128,109.9124,0.7725,0.0162,2.6731,98.1342,2.0591,72.3913,0.4876,0.0102,2.7124,63.8722,1.3402
21,710,54,17.5,1823,0.67,0.644140244,36.585,52.439,10.976,0.017391562,0.457,4.53,0.45,0.52,23.25361156,6422.184783,2.841197666,0.880361607,8.358520827,51,0.722615378,47.63082779,6.881,0.293,6.922079318,162.5625522,23.48464164,0.011368194,50.54903767,11.56157998,0.435131119,4.372156553,116.1696681,26.57033587,75.157,1.749,0.18,42.97141224,417.5388889,9.716666667,1.975,12.322,14.297,2.441,10.721,94.1,17.53869294,0.214,0.152,81.95650907,115.3861378,1.407894737,1.540183973,0.315485459,1.914304681,4.881949165,0.804565746,0.164804204,1.326,1.941,0.546,2.101,10.338,14.182,30.434,0.084,1.372,2.429,0.631,352.244,4.687,0.917,2.75,0.037,2.614,313.294,4.169,5.635,8.875,14.148,22.824,124.0484,1.168,0.0155,2.4321,112.3746,1.4952,99.8638,0.5648,7.51E-03,2.9908,85.9741,1.1439,66.2187,0.471,6.27E-03,2.6636,58.9362,0.7842,62.1128,0.5462,7.27E-03,2.3694,56.0091,0.7452
22,710,54,17.5,1823,0.9,0.788120255,46,45,9,0.089999398,0.447,4.52,0.44,0.42,23.25361156,6422.184783,2.841197666,0.880361607,8.358520827,51,0.722615378,44.863026,8.24,0.362,5.44454199,123.931011,22.76243094,0.022430347,51.0494144,12.08768557,0.478331583,4.223257968,106.723905,25.27051527,87.288,1.809,0.173,48.25207297,504.5549133,10.4566474,1.793,9.861,11.654,3.082,10.322,95.76,6.119573073,0.1,0.145,61.19573073,42.20395223,0.689655172,1.140718517,0.230890711,1.538349659,4.940512817,0.741520961,0.150089877,2.037,1.743,0.443,1.281,9.612,12.948,28.063,0.056,1.347,4.598,1.59,507.737,5.817,0.94,1.889,0.022,3.686,417.417,4.782,5.726,10.826,20.549,39.158,172.0985,0.7499,8.59E-03,3.3761,144.7784,1.6586,148.9663,0.5076,5.82E-03,3.7241,121.5784,1.3928,96.761,0.3645,4.18E-03,3.5129,79.7134,0.9132,89.9115,0.2674,3.06E-03,4.1321,71.3467,0.8174
23,710,54,17.5,1823,0.71,0.686490023,52,38,10,0.003411949,0.466,4.53,0.41,0.5,23.25361156,6422.184783,2.841197666,0.880361607,8.358520827,51,0.722615378,54.034182,7.993,0.331,6.760187914,163.2452628,24.14803625,0.017948028,52.44525033,8.956068273,0.413359438,5.855834137,126.8756571,21.66653873,95.244,2.089,0.174,45.59310675,547.3793103,12.00574713,3.004,11.718,14.722,2.441,6.714,124.64,9.32954741,0.056,0.121,166.5990609,77.1036976,0.462809917,1.318062788,0.281673737,1.646306192,4.679395396,0.800618253,0.17109438,1.945,1.94,0.559,1.239,10.166,14.772,30.621,0.049,1.453,3.479,1.57,473.035,4.967,0.894,3.384,0.036,2.639,417.044,4.379,7.325,11.74,18.924,30.681,155.8619,1.0393,0.0109,2.7208,136.218,1.4302,128.4666,1.0736,0.0113,2.3717,115.4847,1.2125,98.1851,0.7138,7.49E-03,2.6868,86.0736,0.9037,90.5213,0.5577,5.86E-03,2.7763,79.2671,0.8323
24,710,54,17.5,1823,0.78,0.762627796,44,44,12,0.010579555,0.408,4.3,0.37,0.43,23.25361156,6422.184783,2.841197666,0.880361607,8.358520827,51,0.722615378,50.03642515,8.499,0.43,5.88733088,116.3637794,19.76511628,0.009242649,49.44369821,11.3044876,0.510503282,4.37381153,96.85285081,22.14380984,68.443,2.03,0.171,33.71576355,400.251462,11.87134503,3.2,14.754,17.954,2.441,8.201,83.62,10.26746265,0.101,0.088,101.658046,116.6757119,1.147727273,0.947947521,0.285945092,3.577588467,3.315138282,0.264968296,0.07992677,1.572,1.489,0.465,1.173,8.19,12.5,25.389,0.055,1.526,3.381,1.34,411.706,6.015,0.878,4.031,0.059,2.275,375.621,5.488,7.449,11.013,16.361,24.425,146.0161,1.517,0.0222,2.2116,134.6573,1.9674,114.992,1.1778,0.0172,2.1925,104.2315,1.5229,78.8837,0.7646,0.0112,2.2396,71.9149,1.0507,71.8138,0.5711,8.34E-03,2.4563,64.8172,0.947
25,710,54,17.5,1823,0.57,0.558225651,46,42,12,0.006775723,0.507,4.54,0.47,0.59,23.25361156,6422.184783,2.841197666,0.880361607,8.358520827,51,0.722615378,44.10833036,7.963,0.372,5.53915991,118.5707805,21.40591398,0.009548626,51.50823296,10.27345611,0.429715909,5.013720058,119.8657808,23.90755356,100.994,2.306,0.188,43.79618387,537.2021277,12.26595745,2.166,16.136,18.302,3.082,10.003,96.94,15.01214168,0.29,0.088,51.76600579,170.5925191,3.295454545,1.356187651,0.35277427,2.05936947,3.844349677,0.658545089,0.171302078,1.992,2.037,0.51,1.501,10.51,14.498,31.048,0.059,1.379,3.906,1.327,499.965,4.95,0.905,4.606,0.046,2.389,455.676,4.512,8.776,13.223,20.066,30.671,174.4976,1.7962,0.0178,2.2457,160.6445,1.5906,124.2423,0.9732,9.64E-03,2.504,112.0609,1.1096,113.5352,1.1722,0.0116,2.1754,104.717,1.0369,87.6901,0.6647,6.58E-03,2.6312,78.2537,0.7748
26,810,142,17.5,1823,0.5,0.48798394,22.857,62.857,14.286,0.002641698,0.399,4.38,0.38,0.59,22.29429693,6404.771739,2.841197666,0.880361607,8.358520827,51,0.722615378,49.89484978,7.155,0.315,6.973424148,158.3963485,22.71428571,0.010124362,49.64021457,11.9030565,0.551718352,4.170375447,89.97383246,21.57451616,88.102,1.939,0.139,45.4368231,633.8273381,13.94964029,1.056,8.55,9.606,2.121,10.814,74.08,8.526107442,0.108,0.073,78.94543928,116.7959924,1.479452055,0.923552358,0.16947883,1.642301545,5.449367086,0.562352487,0.103195927,1.872,1.778,0.495,1.263,10.822,14.171,30.402,0.05,1.309,3.782,1.482,316.227,3.589,0.85,2.617,0.03,2.526,280.701,3.186,5.188,8.024,12.563,19.917,119.2261,0.9427,0.0107,2.7431,105.5957,1.1986,84.2576,0.6416,7.28E-03,2.5802,74.3195,0.8436,62.468,0.6059,6.88E-03,2.2712,56.2409,0.6384,50.2749,0.4272,4.85E-03,2.5097,44.5446,0.5056
27,810,142,17.5,1823,0.65,0.627762121,26.923,65.385,7.692,0.0051532,0.559,4.5,0.52,0.52,22.29429693,6404.771739,2.841197666,0.880361607,8.358520827,51,0.722615378,51.09207071,7.888,0.357,6.477189492,143.115044,22.0952381,0.015534679,51.646845,11.59964154,0.591984479,4.452451813,87.24357957,19.59450281,124.595,2.88,0.198,43.26215278,629.2676768,14.54545455,2.739,11.535,14.274,2.441,11.884,94.04,19.71028379,0.369,0.061,53.41540322,323.1194064,6.049180328,2.388677675,0.391897193,2.995190217,6.095164032,0.7975045,0.130842172,2.289,2.119,0.579,1.384,12.856,16.657,35.885,0.046,1.296,3.953,1.654,557.273,4.473,0.933,2.446,0.02,3.37,467.388,3.751,6.819,12.374,22.54,41.217,190.2558,0.7599,6.10E-03,3.4977,158.3218,1.2707,155.1095,0.7711,6.19E-03,3.1664,132.0113,1.0595,117.4558,0.5728,4.60E-03,3.2045,100.1838,0.8041,94.4516,0.3424,2.75E-03,3.6096,76.8715,0.617
28,810,142,17.5,1823,0.67,0.644453885,52,38,10,0.009995717,0.467,4.61,0.45,0.52,22.29429693,6404.771739,2.841197666,0.880361607,8.358520827,51,0.722615378,47.99450133,9.308,0.473,5.156263572,101.4682903,19.67864693,0.013350397,51.50039837,10.26930177,0.49413122,5.014985393,104.2241338,20.78253985,128.426,2.784,0.206,46.13002874,623.4271845,13.51456311,1.892,11.088,12.98,1.8,10.42,116.62,27.65785036,0.47,0.081,58.84649013,341.4549427,5.802469136,1.78637026,0.47486555,2.394945516,3.761844295,0.745891816,0.198278227,2.311,2.16,0.574,1.686,14.309,16.774,37.814,0.053,1.172,4.026,1.371,491.074,3.824,0.887,4.111,0.032,2.439,439.422,3.422,8.184,12.61,19.565,30.563,167.1858,1.2328,9.60E-03,2.5542,148.3366,1.155,124.9122,1.1384,8.86E-03,2.3293,113.2756,0.882,104.498,0.9323,7.26E-03,2.4904,92.9606,0.7238,94.4783,0.8072,6.29E-03,2.3834,84.8489,0.6607
29,810,142,17.5,1823,0.77,0.746017662,52,42,6,0.009271059,0.551,4.48,0.55,0.6,22.29429693,6404.771739,2.841197666,0.880361607,8.358520827,51,0.722615378,47.077025,7.125,0.281,6.607301754,167.5338968,25.35587189,0.012111279,50.7935493,10.89364552,0.484606343,4.662676898,104.8140414,22.47937048,108.611,2.442,0.179,44.47624898,606.7653631,13.6424581,2.828,8.861,11.689,1.48,13.16,90.46,18.35606139,0.196,0.127,93.65337444,144.5359165,1.543307087,1.665937436,0.301366863,3.705160588,5.527938339,0.449626243,0.081337058,2.008,1.908,0.503,1.54,11.638,13.959,31.556,0.059,1.199,3.992,1.304,473.115,4.356,0.872,4.173,0.038,2.457,424.327,3.907,8.079,12.266,18.758,28.905,174.1442,1.746,0.0161,2.2402,160.4724,1.4775,133.1143,1.1129,0.0102,2.4428,118.8807,1.0946,90.3518,0.735,6.77E-03,2.5127,80.6142,0.7422,75.5046,0.5792,5.33E-03,2.6321,64.3594,0.5926
30,810,142,17.5,1823,0.75,0.725810814,53.125,40.625,6.25,0.006652691,0.508,4.44,0.47,0.47,22.29429693,6404.771739,2.841197666,0.880361607,8.358520827,51,0.722615378,48.22186758,7.836,0.322,6.153888155,149.7573527,24.33540373,0.021336495,50.914098,11.55148253,0.508299127,4.407581267,100.1656216,22.72575717,101.841,2.528,0.192,40.2852057,530.421875,13.16666667,2.174,8.101,10.275,1.159,12.209,116.12,14.19464882,0.157,0.04,90.41177592,354.8662205,3.925,1.764566815,0.251626133,3.102312255,7.012653233,0.568790847,0.081109222,2.15,2.315,0.61,2.209,13.51,15.859,36.653,0.074,1.174,3.525,0.973,451.062,4.429,0.902,3.152,0.031,2.696,396.822,3.896,6.893,11.126,18.082,29.578,152.302,1.0479,0.0103,2.6612,135.2898,1.3284,116.1738,0.9194,9.03E-03,2.5742,103.1503,1.0129,101.6406,0.6703,6.58E-03,2.7548,88.1133,0.8652,80.9456,0.514,5.05E-03,2.7932,70.2683,0.69
31,900,166,15.8,1903,0.52,0.473767639,52,41,7,0.036824513,0.601,4.24,0.61,0.72,13.88672624,6655.858696,2.709195857,0.882322357,8.497790886,55,0.676059547,44.792115,10.55,0.49,4.245698104,91.41247959,21.53061224,0.008057848,49.87132151,13.27445833,0.681497917,3.756938345,73.17897864,19.47835496,117.24,2.9,0.305,40.42758621,384.3934426,9.508196721,14.963,14.066,29.029,1.48,14.612,116,10.19946621,0.198,0.186,51.51245561,54.83583984,1.064516129,2.456183029,0.337308165,3.922431902,7.281718274,0.626188826,0.085994652,2.144,1.799,0.504,1.195,13.871,15.809,35.321,0.04,1.14,4.254,1.794,458.99,3.915,0.925,4.321,0.037,2.397,361.764,3.086,8.051,12.092,18.401,28.396,181.9395,1.7727,0.0151,2.4186,143.6742,1.2255,115.8411,0.9791,8.35E-03,2.4856,89.8345,0.7662,85.1055,0.9033,7.71E-03,2.2546,68.6312,0.5854,76.1039,0.666,5.68E-03,2.4289,59.6238,0.5086
32,900,166,15.8,1903,0.54,0.48717485,44,46,10,0.048550942,0.499,4.36,0.48,0.56,13.88672624,6351.619565,2.709195857,0.882322357,8.497790886,55,0.676059547,47.11838975,10.285,0.511,4.581272703,92.20819912,20.12720157,0.006624208,53.33728888,14.41351222,0.714816654,3.70050603,74.61674064,20.16392895,92.172,2.477,0.243,37.21114251,379.308642,10.19341564,7.056,14.103,21.159,1.48,12.898,90.18,10.88318422,0.237,0.215,45.92060852,50.61946149,1.102325581,1.337150832,0.193253192,2.100249838,6.919165568,0.636662747,0.092014383,1.874,1.553,0.402,1.297,10.188,11.924,27.238,0.058,1.17,4.662,1.445,526.042,5.707,0.804,5.756,0.062,2.222,421.857,4.577,9.902,14.208,20.579,30.102,208.8165,2.5084,0.0272,2.0791,172.1322,1.8675,131.2264,1.4839,0.0161,2.127,105.9822,1.1498,116.947,1.0921,0.0118,2.416,89.3535,0.9694,69.052,0.6718,7.29E-03,2.2639,54.3886,0.5901
33,900,166,15.8,1903,0.86,0.782489189,51,41,8,0.07185971,0.612,4.16,0.61,0.35,13.88672624,6655.858696,2.709195857,0.882322357,8.497790886,55,0.676059547,47.45341337,11.06,0.792,4.290543704,59.91592597,13.96464646,0.009701101,52.1408583,11.40258024,0.520006334,4.572724524,100.26966,21.92777183,112.883,2.873,0.363,39.29098503,310.9724518,7.914600551,23.028,9.94,32.968,1.8,16.018,109.22,7.017063875,0.124,0.091,56.5892248,77.11059203,1.362637363,1.998578332,0.299719093,5.784184186,6.66817156,0.34552467,0.051817004,2.103,1.225,0.378,0.771,11.721,14.391,30.588,0.029,1.228,5.563,2.728,590.808,5.234,0.863,4.641,0.041,2.532,447.708,3.966,9.515,14.876,23.43,37.176,210.9602,1.6745,0.0148,2.4933,161.4472,1.4302,148.4864,1.1338,0.01,2.521,112.6357,0.9978,127.183,0.9635,8.54E-03,2.6775,94.3659,0.836,104.1785,0.8697,7.70E-03,2.4364,79.2595,0.7021
34,900,166,15.8,1903,0.54,0.512715864,38.889,50,11.111,0.017714713,0.606,4.15,0.57,0.68,13.88672624,6351.619565,2.709195857,0.882322357,8.497790886,55,0.676059547,48.02760318,10.804,0.632,4.445353867,75.99304301,17.09493671,0.014419423,51.55519133,11.59897296,0.526985604,4.44480658,97.83035995,22.0100376,112.865,3.014,0.321,37.4469144,351.6043614,9.3894081,14.622,10.505,25.127,2.762,13.845,118.1,11.24858963,0.234,0.197,48.07089585,57.09943975,1.187817259,2.439813713,0.282462686,5.61050146,8.637649622,0.434865534,0.050345355,2.509,1.936,0.553,0.89,17.789,20.06,43.737,0.023,1.128,4.537,2.819,397.379,3.521,0.854,3.609,0.032,2.347,312.036,2.765,6.92,10.431,15.806,24.08,152.6712,1.4509,0.0129,2.2198,121.84,1.0795,102.6088,0.9735,8.63E-03,2.3774,81.1692,0.7192,77.9328,0.6056,5.37E-03,2.446,58.9626,0.5224,64.1665,0.5789,5.13E-03,2.3458,50.0642,0.4436
35,900,166,15.8,1903,0.52,0.483398399,58,37,5,0.021606199,0.64,4.12,0.61,0.77,13.88672624,6655.858696,2.709195857,0.882322357,8.497790886,55,0.676059547,43.9424056,11.004,0.607,3.993312032,72.39276046,18.12850082,0.012995402,50.88460596,7.842458746,0.424614274,6.488348566,119.8372478,18.46960695,134.955,3.818,0.45,35.34704034,299.9,8.484444444,22.153,13.353,35.506,2.441,16.077,100.3,7.10809425,0.063,0.117,112.8268929,60.75294231,0.538461538,2.429145797,0.386967401,5.513798057,6.277391301,0.440557629,0.070181642,2.611,2.018,0.588,1.024,20.279,21.865,48.385,0.024,1.078,4.44,2.55,585.023,4.335,0.881,4.485,0.033,2.529,444.521,3.294,9.374,14.757,23.352,37.143,210.4314,1.5876,0.0118,2.4955,160.6282,1.1902,151.5683,1.2108,8.97E-03,2.4892,116.6983,0.8647,138.2605,0.9692,7.18E-03,2.6047,102.0657,0.7563,84.7627,0.7179,5.32E-03,2.5281,65.1288,0.4826
36,1000,155,15.8,1903,0.46,0.407222438,68,27,5,0.040234339,0.63,4.37,0.6,0.62,14.11625061,6351.619565,2.402845896,0.846958894,6.534192172,44,0.634969737,46.47792368,6.033,0.373,7.703948894,124.6056935,16.17426273,0.008993223,54.81985533,9.293357999,0.338934109,5.898821001,161.7419253,27.41936486,128.696,3.604,0.413,35.70921199,311.6125908,8.726392252,4.484,10.205,14.689,2.121,10.665,78.56,11.02172732,0.16,0.2,68.88579575,55.1086366,0.8,3.387895984,0.662820822,13.07665452,5.111330048,0.259079719,0.050687339,3.579,2.55,0.684,1.464,20.725,23.675,52.677,0.032,1.142,5.232,2.445,505.233,3.926,0.921,4.632,0.036,2.493,394.65,3.067,8.705,13.172,20.239,31.585,207.4983,2.1471,0.0167,2.3438,165.391,1.2851,122.1995,1.0025,7.79E-03,2.5362,93.9092,0.7297,92.9095,0.8543,6.64E-03,2.4809,72.6073,0.5642,82.6257,0.6284,4.88E-03,2.6104,62.7427,0.4875
37,1000,155,15.8,1903,0.32,0.294743973,64.706,23.529,11.765,0.022991477,0.732,4.3,0.7,0.99,14.11625061,6655.858696,2.402845896,0.846958894,6.534192172,44,0.634969737,49.19341194,7.54,0.304,6.524325191,161.820434,24.80263158,0.00716455,58.60516926,12.55617994,0.739723451,4.667436238,79.22578253,16.97415422,154.311,4.037,0.301,38.22417637,512.6611296,13.41196013,5.879,23.003,28.882,2.121,9.893,84.58,9.967565899,0.231,0.134,43.14963593,74.38482014,1.723880597,3.375086722,0.434198436,11.48559333,7.773143434,0.293853929,0.037803745,2.303,2.425,0.604,1.492,16.005,16.927,39.756,0.044,1.058,3.813,1.544,699.43,4.533,0.855,5.831,0.038,2.444,541.385,3.508,11.717,18.039,27.879,43.257,249.7413,2.3083,0.015,2.3487,197.9622,1.2829,178.3629,1.4636,9.48E-03,2.3986,138.1706,0.8954,155.4076,1.2189,7.90E-03,2.433,117.4908,0.7614,115.9179,0.84,5.44E-03,2.5974,87.7614,0.5687
38,1000,155,15.8,1903,0.65,0.487593007,66,28,6,0.146888081,0.604,4.34,0.58,0.55,14.11625061,6351.619565,2.402845896,0.846958894,6.534192172,44,0.634969737,45.53405417,9.374,0.597,4.85748391,76.27144752,15.70184255,0.018868912,49.23652156,14.56389427,0.836763519,3.380725007,58.84162065,17.40503014,126.347,3.545,0.395,35.64090268,319.8658228,8.974683544,6.09,7.787,13.877,4.364,8.736,102.46,4.645521432,0.063,0.227,73.73843543,20.46485212,0.27753304,2.792475231,1.366315988,16.00036825,2.043798986,0.174525685,0.085392784,2.64,2.131,0.574,1.292,21.51,17.657,45.805,0.033,0.821,4.599,2.043,579.813,4.589,0.844,5.202,0.041,2.444,446.507,3.534,9.823,14.899,22.921,35.765,197.0658,1.752,0.0139,2.3441,155.4846,1.2306,155.9321,1.5574,0.0123,2.4086,122.2598,0.9677,131.5066,0.8542,6.76E-03,2.9798,92.7142,0.7338,95.3087,1.0382,8.22E-03,2.0418,76.0483,0.6019
39,1000,155,15.8,1903,0.71,0.568366547,62,30,8,0.125287873,0.703,4.15,0.68,0.63,14.11625061,6655.858696,2.402845896,0.846958894,6.534192172,44,0.634969737,47.81398319,9.576,0.463,4.993106014,103.2699421,20.6825054,0.01794558,50.08567743,12.81731878,0.714233624,3.907656374,70.12506237,17.945555,113.28,3.594,0.424,31.51919866,267.1698113,8.476415094,17.641,12.332,29.973,4.044,17.772,112.9,5.136414161,0.123,0.126,41.75946472,40.76519175,0.976190476,3.658338857,0.638334857,17.94020288,5.73106547,0.203918477,0.035581251,3.625,2.643,0.789,1.494,28.184,24.985,61.718,0.028,0.886,4.594,2.426,491.513,4.339,0.926,4.839,0.043,2.345,394.834,3.485,8.923,13.23,19.772,29.795,195.5982,2.0251,0.0179,2.1617,159.6564,1.4094,120.0356,1.3977,0.0123,2.1546,99.4096,0.8776,93.7774,0.8471,7.48E-03,2.3163,74.2714,0.6556,82.1021,0.5687,5.02E-03,2.7459,61.4968,0.5429
40,1000,155,15.8,1903,0.75,0.657654616,52.632,39.474,7.895,0.075332398,0.648,4.35,0.66,0.51,14.11625061,6351.619565,2.402845896,0.846958894,6.534192172,44,0.634969737,47.59611206,7.223,0.366,6.58952126,130.044022,19.73497268,0.013562986,51.53456925,6.30750192,0.201225038,8.170361247,256.1041596,31.34551238,155.077,3.29,0.423,47.13586626,366.6122931,7.777777778,7.11,10.256,17.366,2.121,12.702,78.16,9.135829076,0.307,0.224,29.7584009,40.78495123,1.370535714,3.001221143,0.465740299,11.2254037,6.443979938,0.267359751,0.041489849,2.478,1.615,0.466,0.877,14.555,16.043,36.034,0.028,1.102,5.318,2.826,439.541,2.834,0.88,3.597,0.023,2.447,339.757,2.191,7.311,11.312,17.562,27.356,162.7658,1.2908,8.32E-03,2.4251,125.7792,0.8111,118.0958,1.0283,6.63E-03,2.3573,92.0742,0.5937,89.4609,0.8196,5.29E-03,2.2854,70.7866,0.4565,69.2188,0.4581,2.95E-03,2.7196,51.1173,0.3296
41,1080,5,15.8,1903,0.73,0.51216587,68,26,6,0.20258521,0.404,4.42,0.4,0.33,4.795434667,6524.467391,1.962932209,0.790156369,4.765453185,31,0.571618964,48.34461706,5.997,0.165,8.06146691,292.9976792,36.34545455,0.015398921,53.63718784,6.147516605,0.230643911,8.725017155,232.554103,26.65371298,91.44,1.792,0.171,51.02678571,534.7368421,10.47953216,0.842,6.189,7.031,2.121,32.257,90.82,4.802700729,0.007,0.076,686.1001041,63.19343064,0.092105263,1.439960682,0.188428383,2.363219867,7.641952126,0.609321503,0.07973375,1.932,2.24,0.518,1.701,11.315,12.551,30.257,0.07,1.109,3.73,1.136,442.955,4.844,0.822,4.532,0.05,2.412,345.522,3.779,7.902,11.586,17.325,26.439,177.2724,2.2964,0.0251,2.1531,143.0445,1.5644,105.7315,0.7386,8.08E-03,2.7051,77.7769,0.8506,88.5788,0.8787,9.61E-03,2.26,70.1506,0.7672,71.3721,0.6181,6.76E-03,2.529,54.5506,0.5966
42,1080,5,15.8,1903,0.58,0.465528433,74,22,4,0.095139648,0.335,4.56,0.36,0.49,4.795434667,6524.467391,1.962932209,0.790156369,4.765453185,31,0.571618964,47.88628373,6.025,0.195,7.94793091,245.5706858,30.8974359,0.017481919,52.60362965,6.373612465,0.229362813,8.253346111,229.3468107,27.78834276,125.41,2.093,0.207,59.91877688,605.8454106,10.11111111,4.384,6.207,10.591,4.364,40.284,92.2,2.511653679,0.028,0.061,89.70191711,41.17465048,0.459016393,1.377539752,0.189310898,1.573050367,7.276600378,0.875712425,0.120346368,1.737,1.704,0.413,1.837,8.977,10.471,25.14,0.092,1.166,4.206,0.946,475.648,3.793,0.857,4.337,0.035,2.426,370.811,2.957,8.224,12.392,18.845,28.934,169.4048,1.6178,0.0129,2.3454,134.8253,1.0751,125.8271,1.3606,0.0108,2.0718,102.4028,0.8165,108.3378,0.8224,6.56E-03,2.6578,79.6376,0.635,72.078,0.5361,4.27E-03,2.6277,53.9457,0.4302
43,1080,5,15.8,1903,0.66,0.447436696,64,28,8,0.192319204,0.41,4.37,0.41,0.5,4.795434667,6524.467391,1.962932209,0.790156369,4.765453185,31,0.571618964,41.93027075,6.381,0.204,6.571112796,205.5405429,31.27941176,0.0175441,56.5121275,5.253768769,0.184048423,10.7564931,307.0503218,28.54557884,59.051,2.14,0.186,27.59392523,317.4784946,11.50537634,1.159,6.516,7.675,2.762,29.807,85.68,6.324348484,0.046,0.088,137.4858366,71.86759641,0.522727273,0.88413835,0.109505007,1.663470588,8.073953641,0.531502244,0.065829241,1.968,1.886,0.481,2.232,10.981,12.259,29.807,0.094,1.116,4.091,0.882,484.076,8.198,0.831,3.485,0.059,2.767,353.98,5.994,7.32,11.711,19.005,31.27,155.7337,0.936,0.0158,2.9136,112.2702,1.9012,128.4268,1.2287,0.0208,2.308,100.2024,1.6969,110.4132,0.8248,0.014,2.8202,79.6028,1.348,89.5023,0.4954,8.39E-03,3.0268,61.9042,1.0483
44,1080,5,15.8,1903,0.59,0.38382305,64,29,7,0.18449992,0.389,4.43,0.4,0.44,4.795434667,6524.467391,1.962932209,0.790156369,4.765453185,31,0.571618964,45.45317176,5.588,0.163,8.13406796,278.8538145,34.28220859,0.02222703,55.37235852,6.595316706,0.247444576,8.395708802,223.7768126,26.65371298,54.913,2.011,0.21,27.30631527,261.4904762,9.576190476,2.006,6.565,8.571,1.48,28.431,90.8,5.975782603,0.007,0.105,853.683229,56.91221527,0.066666667,1.411950638,0.228798,1.343381044,6.171166872,1.05104255,0.170315043,1.876,1.899,0.446,2.867,9.846,11.162,28.095,0.134,1.134,4.206,0.654,444.32,8.091,0.835,3.936,0.072,2.439,342.815,6.243,7.552,11.446,17.501,26.997,160.9122,1.6082,0.0293,2.2415,127.1582,2.3156,126.9932,1.0612,0.0193,2.4006,98.2772,1.7897,86.556,0.7837,0.0143,2.3665,67.1997,1.2237,69.8588,0.4826,8.79E-03,2.7456,50.1796,0.9138
45,1080,5,15.8,1903,0.8,0.500942176,68,26,6,0.282081078,0.3,4.34,0.3,0.34,4.795434667,6524.467391,1.962932209,0.790156369,4.765453185,31,0.571618964,41.7614169,6.258,0.179,6.673284899,233.304005,34.96089385,0.016276747,57.02475908,11.69799491,0.508116197,4.874746443,112.2277924,23.02228305,49.074,1.421,0.169,34.53483462,290.3786982,8.408284024,2.188,5.081,7.269,3.723,33.431,83.38,3.97209434,0.008,0.083,496.5117925,47.85655831,0.096385542,0.992340354,0.175124463,1.915253257,5.666486206,0.518124875,0.091436713,1.629,1.646,0.368,1.966,8.571,9.27,23.449,0.108,1.082,4.427,0.829,400.299,8.157,0.835,3.562,0.073,2.382,308.286,6.282,6.813,10.299,15.685,24.058,143.3009,1.3733,0.028,2.3299,112.1943,2.2862,106.5361,0.9389,0.0191,2.3908,81.4487,1.6597,85.9007,0.6487,0.0132,2.4863,64.6592,1.3176,64.5612,0.6012,0.0122,2.3226,49.984,1.0185
